{"intents": [

  {"tag": "greeting",
  "patterns": ["hello", "hey", "hi", "Greetings", "what's up?", "how is it going?","Hello jarvis", "Hello Jarvis", "Hey Jarvis", "Hi Jarvis"],
  "responses": ["Hello There Sir/Madame!", "Good Evening Sir/Madame!", "What can I do for you?"]
  },
  {"tag": "goodbye",
  "patterns": ["exit", "close", "bye", "goodbye", "I am leaving", "see ya later","that's all for now Jarvis", "Goodbye jarvis", "bye Jarvis", "good day Jarvis"],
  "responses": ["Till next time Sir/Madame!", "Take care Sir/ Madame!", "Have a wonderful day, cheers!"]
  },
  {"tag": "name",
  "patterns": ["what is your name", "what should I call you", "whats your name", "who are you"],
  "responses": ["My name is Jarvis, your own personal assistant", "I am Jarvis, a pleasure to meet you Sir/Madame", "Call me Jarvis"]
  },
  {"tag": "Artificial intelligence",
  "patterns": ["what is AI", "tell me about AI", "define AI","tell me about AI","what is Artificial intelligence", "define Artificial intelligence"],
  "responses": ["Artificial intelligence (AI) is a wide-ranging branch of computer science concerned with building smart machines capable of performing tasks that typically require human intelligence. Look at me for example, I was programmed by a human to understand what you say"]
  },
  {"tag": "name",
  "patterns": ["what is your name", "what should I call you", "whats your name", "who are you", "your name"],
  "responses": ["My name is Jarvis, your own personal assistant", "I am Jarvis, a pleasure to meet you Sir/Madame", "Call me Jarvis"]
  },
  {"tag": "Ilfan",
  "patterns": ["who is Ilfan"],
  "responses": ["The one who made me"]
  },
  {"tag": "what is Neural networks",
  "patterns": ["what is Neural networks"],
  "responses": ["Neural networks reflect the behavior of the human brain, allowing computer programs to recognize patterns and solve common problems in the fields of AI, machine learning, and deep learning."]
  },
  {"tag": "A Star",
  "patterns": ["tell me about A Star","what is A*"],
  "responses": ["A* (pronounced as A star) is a computer algorithm that is widely used in pathfinding and graph traversal. The algorithm efficiently plots a walkable path between multiple nodes, or points, on the graph."]
  },
  {"tag": "Age",
  "patterns": ["How old are you","What is your age"],
  "responses": ["I'm just code floating around in your CPU","I do not age"]
  },
  {"tag": "SIRI",
  "patterns": ["What do you think of siri","siri"],
  "responses": ["unfortunately sir, I must be honest and tell you that SIRI is garbage","I'm probably the same amount of code as SIRI - this is sarcasm"]
  },
  {"tag": "day",
  "patterns": ["How is your day","how are you"],
  "responses": [" I'm great, hope you are doing well sir/madame","Much happier now that I can chat with you"]
  },
  {"tag": "NER",
  "patterns": ["What is NER","can you tell me about Named Entity Recognition","Define NER", "what is the definition of NER", "What is Named Entity Recognition"],
  "responses": ["Named entity recognition (NER) attempts to find and categorise named entities in text into predefined categories such as the names of people, organisations, locations, time expressions, quantities, monetary amounts, percentages, and so on. NER is utilised in many areas of Natural Language Processing (NLP) and can assist in solving many real-world concerns."]
  },
  {"tag": "NLP",
  "patterns": ["What is NLP","can you tell me about Natural Language Processing","Define NLP", "what is the definition of NLP", "What is Natural Language Processing"],
  "responses": ["Natural Language processing essentially allows computers to understand what is said and written by human language. The Program takes real world input, processes it and understands it. For artificial intelligence, this can be done through tokenization, stemming and bag of words."]
  }
]}